city,cloudiness,country,date,humidity,lat,lng,max temp,wind speed,datetime
Minot,1,US,1553647251,70,48.23,-101.3,9.0,3.1,03/27/2019-00:40:51
Arraial do Cabo,40,BR,1553644800,88,-22.97,-42.02,23.0,1.5,03/27/2019-00:00:00
Mahebourg,40,MU,1553644800,94,-20.41,57.7,26.0,2.6,03/27/2019-00:00:00
Tura,0,IN,1553647265,91,25.52,90.21,15.12,1.13,03/27/2019-00:41:05
Cockburn Town,88,TC,1553646999,100,21.46,-71.14,25.07,5.48,03/27/2019-00:36:39
Mar del Plata,0,AR,1553647161,57,-46.43,-67.52,16.27,3.48,03/27/2019-00:39:21
Vaini,40,IN,1553644800,94,15.34,74.49,23.0,0.53,03/27/2019-00:00:00
Rikitea,20,PF,1553647270,97,-23.12,-134.97,26.67,7.18,03/27/2019-00:41:10
Isagarh,0,IN,1553647271,57,24.84,77.89,12.57,1.23,03/27/2019-00:41:11
Busselton,12,AU,1553647220,51,-33.64,115.35,18.33,6.48,03/27/2019-00:40:20
Umm Kaddadah,0,SD,1553647274,21,13.6,26.69,21.22,5.38,03/27/2019-00:41:14
Cidreira,88,BR,1553647275,82,-30.17,-50.22,19.7,2.93,03/27/2019-00:41:15
Zhuanghe,0,CN,1553647276,80,39.7,122.97,5.55,4.48,03/27/2019-00:41:16
Mataura,24,NZ,1553647205,72,-46.19,168.86,13.89,8.05,03/27/2019-00:40:05
Tabuk,0,PH,1553647279,62,17.41,121.44,21.65,0.98,03/27/2019-00:41:19
Cabo San Lucas,75,MX,1553646949,29,22.89,-109.91,27.22,5.7,03/27/2019-00:35:49
Georgetown,20,GY,1553644800,78,6.8,-58.16,27.0,4.1,03/27/2019-00:00:00
Severo-Kurilsk,48,RU,1553647283,97,50.68,156.12,-1.36,2.48,03/27/2019-00:41:23
Koumac,12,NC,1553647284,68,-20.56,164.28,28.87,3.48,03/27/2019-00:41:24
Padang,92,ID,1553647248,100,-0.92,100.36,24.62,1.18,03/27/2019-00:40:48
Lorengau,88,PG,1553647234,95,-2.02,147.27,28.7,3.68,03/27/2019-00:40:34
Port Alfred,36,ZA,1553647289,93,-33.59,26.89,18.67,4.18,03/27/2019-00:41:29
Caravelas,0,BR,1553647290,100,-17.73,-39.27,27.95,4.78,03/27/2019-00:41:30
Batemans Bay,0,AU,1553646993,51,-35.71,150.18,21.11,0.89,03/27/2019-00:36:33
Tiznit,88,MA,1553647293,99,29.7,-9.73,15.15,1.68,03/27/2019-00:41:33
Hambantota,20,LK,1553645400,100,6.12,81.12,21.0,1.5,03/27/2019-00:10:00
Ushuaia,88,AR,1553647297,84,-54.81,-68.31,10.07,6.08,03/27/2019-00:41:37
Lagoa,40,PT,1553647029,67,37.14,-8.45,16.11,9.8,03/27/2019-00:37:09
Yulara,0,AU,1553644800,28,-25.24,130.99,23.0,6.7,03/27/2019-00:00:00
Hilo,90,US,1553647292,57,19.71,-155.08,26.11,3.6,03/27/2019-00:41:32
Vershino-Darasunskiy,12,RU,1553647302,50,52.35,115.52,-13.86,1.93,03/27/2019-00:41:42
Maningrida,76,AU,1553647303,100,-12.05,134.23,26.27,3.43,03/27/2019-00:41:43
Torbay,90,CA,1553646885,67,47.66,-52.73,-3.33,3.6,03/27/2019-00:34:45
Saldanha,0,PT,1553647306,31,41.42,-6.55,9.57,6.68,03/27/2019-00:41:46
Sabha,0,LY,1553647310,59,27.03,14.43,12.65,1.38,03/27/2019-00:41:50
Morales,0,CO,1553647311,63,8.28,-73.87,30.2,0.98,03/27/2019-00:41:51
Te Anau,24,NZ,1553647161,73,-45.41,167.72,10.65,5.23,03/27/2019-00:39:21
Hermanus,88,ZA,1553646713,79,-34.42,19.24,18.33,4.47,03/27/2019-00:31:53
Punta Arenas,20,CL,1553646758,71,-53.16,-70.91,11.0,8.7,03/27/2019-00:32:38
Khatanga,76,RU,1553647167,90,71.98,102.47,-4.08,4.78,03/27/2019-00:39:27
Kaitangata,12,NZ,1553647318,76,-46.28,169.85,13.57,10.23,03/27/2019-00:41:58
Katsuura,40,JP,1553646875,54,33.93,134.5,13.33,1.0,03/27/2019-00:34:35
Petropavlovsk-Kamchatskiy,0,RU,1553644800,42,53.05,158.65,-1.0,5.0,03/27/2019-00:00:00
Hasaki,0,JP,1553644938,19,35.73,140.83,14.44,4.6,03/27/2019-00:02:18
Dingle,48,PH,1553647323,86,11.0,122.67,25.45,4.33,03/27/2019-00:42:03
Dikson,88,RU,1553647324,94,73.51,80.55,-1.56,12.73,03/27/2019-00:42:04
Tecoanapa,5,MX,1553644260,74,16.99,-99.26,28.0,3.6,03/26/2019-23:51:00
Qaanaaq,32,GL,1553647178,83,77.48,-69.36,-25.78,6.03,03/27/2019-00:39:38
Havre-Saint-Pierre,20,CA,1553644800,43,50.23,-63.6,-12.0,3.6,03/27/2019-00:00:00
Albany,1,US,1553647204,24,42.65,-73.75,2.22,6.7,03/27/2019-00:40:04
Puerto Ayora,75,EC,1553646673,78,-0.74,-90.35,27.0,5.1,03/27/2019-00:31:13
Barranca de Upia,0,CO,1553647333,46,4.57,-72.97,24.27,0.78,03/27/2019-00:42:13
Yenagoa,0,NG,1553647334,90,4.92,6.26,24.97,2.53,03/27/2019-00:42:14
Sao Joao da Barra,12,BR,1553647328,100,-21.64,-41.05,26.92,7.83,03/27/2019-00:42:08
Barrow,0,AR,1553647337,73,-38.31,-60.23,11.12,3.78,03/27/2019-00:42:17
Astaneh-ye Ashrafiyeh,75,IR,1553644800,100,37.26,49.94,7.0,1.33,03/27/2019-00:00:00
Hithadhoo,68,MV,1553647339,100,-0.6,73.08,28.05,2.53,03/27/2019-00:42:19
Bethel,75,US,1553645460,80,60.79,-161.76,4.0,8.7,03/27/2019-00:11:00
Saint George,75,GR,1553646805,81,39.45,22.34,12.22,1.08,03/27/2019-00:33:25
Norman Wells,20,CA,1553644800,45,65.28,-126.83,6.0,1.5,03/27/2019-00:00:00
Prince Rupert,90,CA,1553644800,87,54.32,-130.32,8.0,6.2,03/27/2019-00:00:00
Ishigaki,20,JP,1553644800,64,24.34,124.16,23.0,2.6,03/27/2019-00:00:00
Avarua,36,CK,1553644800,79,-21.21,-159.78,30.0,3.1,03/27/2019-00:00:00
Launceston,0,AU,1553647247,50,-41.43,147.14,15.0,2.1,03/27/2019-00:40:47
Izberbash,40,RU,1553644800,87,42.57,47.86,6.0,4.0,03/27/2019-00:00:00
Iqaluit,40,CA,1553647323,64,63.75,-68.52,-20.0,6.7,03/27/2019-00:42:03
Kerema,36,PG,1553647353,69,-7.96,145.78,28.55,0.73,03/27/2019-00:42:33
Christchurch,92,NZ,1553647206,43,-43.53,172.64,23.0,2.6,03/27/2019-00:40:06
Mbuguni,12,TZ,1553647356,82,-3.55,36.92,20.45,1.38,03/27/2019-00:42:36
Vila Velha,40,BR,1553647091,83,-3.71,-38.6,27.22,1.0,03/27/2019-00:38:11
Upernavik,48,GL,1553647185,100,72.79,-56.15,-15.48,1.88,03/27/2019-00:39:45
La Ronge,90,CA,1553644800,93,55.1,-105.3,2.0,1.5,03/27/2019-00:00:00
Punto Fijo,0,VE,1553647361,67,11.69,-70.21,27.45,10.48,03/27/2019-00:42:41
Kodinsk,76,RU,1553647362,85,58.6,99.18,-7.81,1.08,03/27/2019-00:42:42
Cape Town,0,ZA,1553647092,68,-33.93,18.42,18.0,2.6,03/27/2019-00:38:12
Bambous Virieux,40,MU,1553644800,94,-20.34,57.76,26.0,2.6,03/27/2019-00:00:00
Buin,0,CL,1553644800,52,-33.73,-70.74,20.0,5.1,03/27/2019-00:00:00
Yellowknife,90,CA,1553647326,74,62.45,-114.38,-2.0,6.2,03/27/2019-00:42:06
Venice,40,US,1553647340,83,27.1,-82.45,22.78,4.6,03/27/2019-00:42:20
Nikolskoye,0,RU,1553647366,79,59.7,30.79,-2.78,4.0,03/27/2019-00:42:46
Liaoyang,0,CN,1553644800,27,41.27,123.17,5.0,7.0,03/27/2019-00:00:00
Castro,0,CL,1553644800,87,-42.48,-73.76,12.0,2.1,03/27/2019-00:00:00
Mahanoro,8,MG,1553647362,89,-19.9,48.8,23.45,1.08,03/27/2019-00:42:42
Ilulissat,80,GL,1553644200,72,69.22,-51.1,-12.0,4.1,03/26/2019-23:50:00
Flinders,75,AU,1553647341,59,-34.58,150.85,23.33,3.1,03/27/2019-00:42:21
Victoria,75,BN,1553644800,83,5.28,115.24,28.0,0.5,03/27/2019-00:00:00
Udimskiy,88,RU,1553647379,93,61.14,45.92,-1.21,2.53,03/27/2019-00:42:59
Kapaa,90,US,1553647100,73,22.08,-159.32,26.0,2.6,03/27/2019-00:38:20
Bismarck,90,US,1553647289,107,46.81,-100.78,3.33,4.6,03/27/2019-00:41:29
Beringovskiy,76,RU,1553647383,95,63.05,179.32,-0.13,12.93,03/27/2019-00:43:03
Maniitsoq,0,GL,1553647385,73,65.42,-52.9,-12.43,4.13,03/27/2019-00:43:05
Labuhan,44,ID,1553647386,85,-2.54,115.51,25.92,1.18,03/27/2019-00:43:06
Cartagena,0,ES,1553646335,58,37.63,-1.0,14.0,7.2,03/27/2019-00:25:35
Ciudad Bolivar,0,VE,1553647209,32,8.12,-63.55,32.05,4.78,03/27/2019-00:40:09
Butaritari,20,KI,1553647199,100,3.07,172.79,29.02,7.73,03/27/2019-00:39:59
Tashtyp,0,RU,1553647391,66,52.8,89.89,-12.73,0.78,03/27/2019-00:43:11
Bluff,48,AU,1553647392,57,-23.58,149.07,28.8,4.13,03/27/2019-00:43:12
Coihaique,0,CL,1553644800,81,-45.58,-72.07,11.0,2.1,03/27/2019-00:00:00
Leningradskiy,76,RU,1553647395,89,69.38,178.42,-0.73,10.08,03/27/2019-00:43:15
Kabare,12,RW,1553647397,100,-1.65,29.38,14.22,1.53,03/27/2019-00:43:17
Porto Murtinho,12,BR,1553647398,55,-21.7,-57.88,26.67,5.38,03/27/2019-00:43:18
Impfondo,68,CD,1553647400,94,1.62,18.06,23.22,0.88,03/27/2019-00:43:20
Montepuez,8,MZ,1553647401,93,-13.13,39.0,20.67,1.18,03/27/2019-00:43:21
Sur,12,OM,1553647402,88,22.57,59.53,23.65,3.23,03/27/2019-00:43:22
Chuy,92,UY,1553647404,98,-33.69,-53.46,17.65,5.83,03/27/2019-00:43:24
Praia,0,BR,1553644800,60,-20.25,-43.81,23.0,2.1,03/27/2019-00:00:00
Ampanihy,48,MG,1553647406,89,-24.69,44.75,21.2,1.33,03/27/2019-00:43:26
Bredasdorp,76,ZA,1553646690,72,-34.53,20.04,20.0,5.7,03/27/2019-00:31:30
Orlovskiy,0,RU,1553647409,72,46.87,42.05,2.17,5.13,03/27/2019-00:43:29
Carnarvon,44,ZA,1553647413,47,-30.97,22.13,13.17,3.78,03/27/2019-00:43:33
Chokurdakh,44,RU,1553647414,86,70.62,147.9,-19.43,6.98,03/27/2019-00:43:34
Kavieng,36,PG,1553647416,98,-2.57,150.8,29.47,3.33,03/27/2019-00:43:36
Port Elizabeth,1,US,1553647400,43,39.31,-74.98,7.0,1.5,03/27/2019-00:43:20
The Valley,40,AI,1553646760,74,18.22,-63.06,26.0,4.6,03/27/2019-00:32:40
Millinocket,1,US,1553647404,32,45.66,-68.71,-2.22,4.1,03/27/2019-00:43:24
Yerbogachen,88,RU,1553647423,89,61.28,108.01,-7.33,1.93,03/27/2019-00:43:43
Kodiak,1,US,1553647419,32,39.95,-94.76,15.0,4.1,03/27/2019-00:43:39
Lebu,20,ET,1553644800,63,8.96,38.73,16.0,2.1,03/27/2019-00:00:00
Ancud,0,CL,1553644800,87,-41.87,-73.83,12.0,2.1,03/27/2019-00:00:00
Brownwood,1,US,1553647286,42,31.71,-98.99,22.0,3.6,03/27/2019-00:41:26
New Norfolk,0,AU,1553647095,38,-42.78,147.06,17.78,5.1,03/27/2019-00:38:15
Geraldton,75,CA,1553644800,31,49.72,-86.95,1.0,5.1,03/27/2019-00:00:00
Ginir,0,ET,1553647433,82,7.14,40.71,14.55,1.18,03/27/2019-00:43:53
Pokaran,0,IN,1553647435,58,26.93,71.92,16.57,1.18,03/27/2019-00:43:55
Ola,44,RU,1553647437,100,59.58,151.3,-7.96,4.28,03/27/2019-00:43:57
Maragogi,88,BR,1553647220,93,-9.01,-35.22,26.3,2.33,03/27/2019-00:40:20
Emerald,75,AU,1553647071,65,-23.53,148.16,28.0,5.7,03/27/2019-00:37:51
Kloulklubed,75,PW,1553644200,78,7.04,134.26,28.0,5.1,03/26/2019-23:50:00
Krasnorechenskiy,0,RU,1553647443,43,44.63,135.35,-1.53,4.38,03/27/2019-00:44:03
Tiksi,0,RU,1553647360,68,71.64,128.87,-23.23,1.33,03/27/2019-00:42:40
Isla Vista,1,US,1553647431,77,34.41,-119.86,18.89,5.7,03/27/2019-00:43:51
Terrace,75,CA,1553646744,57,54.52,-128.61,10.0,9.3,03/27/2019-00:32:24
Makakilo City,75,US,1553647344,63,21.35,-158.09,29.0,3.6,03/27/2019-00:42:24
Son La,76,VN,1553647450,94,21.32,103.9,17.97,0.73,03/27/2019-00:44:10
Utica,1,US,1553647421,39,43.1,-75.23,-0.57,5.1,03/27/2019-00:43:41
Belyy Yar,0,RU,1553644800,85,53.6,91.39,-9.0,1.13,03/27/2019-00:00:00
Saint-Philippe,1,CA,1553647406,46,45.36,-73.48,-1.11,5.7,03/27/2019-00:43:26
Fairbanks,75,US,1553647216,65,64.84,-147.72,8.89,2.68,03/27/2019-00:40:16
Susurluk,0,TR,1553647198,87,39.91,28.16,10.56,3.1,03/27/2019-00:39:58
Piacabucu,92,BR,1553647459,85,-10.41,-36.43,26.57,3.23,03/27/2019-00:44:19
Stepnyak,0,KZ,1553647460,80,52.83,70.79,-4.73,3.78,03/27/2019-00:44:20
Yinchuan,36,CN,1553647462,60,38.48,106.21,0.37,1.13,03/27/2019-00:44:22
Puerto Ayacucho,75,CO,1553644800,55,5.66,-67.63,33.0,1.63,03/27/2019-00:00:00
Kushima,0,JP,1553647346,39,31.5,131.29,17.0,3.1,03/27/2019-00:42:26
Hofn,0,IS,1553647358,92,64.25,-15.21,4.12,6.98,03/27/2019-00:42:38
Zyryanka,68,RU,1553647467,66,65.73,150.89,-13.33,6.18,03/27/2019-00:44:27
Buluang,90,PH,1553644800,88,10.47,123.98,26.0,4.6,03/27/2019-00:00:00
Tessalit,100,ML,1553647469,24,20.2,1.01,28.05,4.63,03/27/2019-00:44:29
Pevek,76,RU,1553647472,80,69.7,170.27,-6.06,1.53,03/27/2019-00:44:32
Saint Anthony,1,US,1553647217,30,43.97,-111.68,14.0,9.3,03/27/2019-00:40:17
Pacific Grove,20,US,1553647341,59,36.62,-121.92,18.89,1.98,03/27/2019-00:42:21
Auki,0,NG,1553647475,44,12.18,6.51,20.2,2.13,03/27/2019-00:44:35
Puerto del Rosario,76,ES,1553644800,87,28.5,-13.86,16.0,2.1,03/27/2019-00:00:00
Caronport,90,CA,1553646696,54,50.46,-105.81,16.67,4.6,03/27/2019-00:31:36
Soyo,12,AO,1553647479,97,-6.13,12.37,24.42,1.93,03/27/2019-00:44:39
Airai,48,TL,1553647480,89,-8.93,125.41,23.7,0.88,03/27/2019-00:44:40
Muros,0,ES,1553647448,75,42.77,-9.06,17.22,1.5,03/27/2019-00:44:08
Saint-Louis,0,CH,1553647379,80,47.59,7.56,3.89,1.0,03/27/2019-00:42:59
Santa Fe,56,AR,1553647207,66,-31.62,-60.7,18.89,3.13,03/27/2019-00:40:07
Baykit,0,RU,1553647487,63,61.68,96.39,-14.56,1.38,03/27/2019-00:44:47
Yangambi,44,CD,1553647489,96,0.77,24.47,23.9,1.08,03/27/2019-00:44:49
Saskylakh,76,RU,1553647490,76,71.97,114.09,-9.56,2.28,03/27/2019-00:44:50
Abyek,92,IR,1553647491,96,36.04,50.53,1.87,0.88,03/27/2019-00:44:51
Sturgis,1,US,1553647485,46,44.41,-103.51,18.33,2.6,03/27/2019-00:44:45
Nouakchott,0,MR,1553644800,88,18.08,-15.98,18.0,4.6,03/27/2019-00:00:00
Visby,12,SE,1553646867,80,57.64,18.3,2.22,4.1,03/27/2019-00:34:27
Anajatuba,68,BR,1553647496,95,-3.26,-44.62,25.05,1.63,03/27/2019-00:44:56
Klaksvik,64,FO,1553646000,70,62.23,-6.59,7.0,3.1,03/27/2019-00:20:00
Kieta,24,PG,1553647498,96,-6.22,155.63,28.4,1.28,03/27/2019-00:44:58
Atuona,8,PF,1553647502,100,-9.8,-139.03,28.02,5.88,03/27/2019-00:45:02
Ponta do Sol,32,BR,1553647503,71,-20.63,-46.0,22.15,2.68,03/27/2019-00:45:03
Ribeira Grande,32,PT,1553647505,96,38.52,-28.7,16.37,2.43,03/27/2019-00:45:05
Tezu,92,IN,1553647275,100,27.93,96.16,11.67,0.63,03/27/2019-00:41:15
Ambon,0,FR,1553647464,86,47.55,-2.56,6.0,3.6,03/27/2019-00:44:24
Frontera,40,MX,1553643780,78,18.53,-92.64,25.0,4.1,03/26/2019-23:43:00
Noumea,40,NC,1553644800,58,-22.28,166.46,30.0,2.1,03/27/2019-00:00:00
Port-Gentil,44,GA,1553647511,96,-0.72,8.78,27.9,3.58,03/27/2019-00:45:11
Ventspils,0,LV,1553644200,100,57.39,21.56,0.0,2.1,03/26/2019-23:50:00
Nanortalik,76,GL,1553647514,100,60.14,-45.24,-4.08,10.83,03/27/2019-00:45:14
Rudnyy,0,KZ,1553644800,100,52.96,63.12,-6.0,2.0,03/27/2019-00:00:00
Nantucket,1,US,1553647507,54,41.28,-70.1,2.22,4.1,03/27/2019-00:45:07
Jamestown,0,AU,1553647466,83,-33.21,138.6,15.42,3.23,03/27/2019-00:44:26
Vardo,1,US,1553647352,50,39.62,-77.74,6.0,2.13,03/27/2019-00:42:32
Hobart,0,AU,1553647275,38,-42.88,147.33,17.78,5.1,03/27/2019-00:41:15
Aktau,0,KZ,1553644800,70,43.65,51.16,6.0,2.0,03/27/2019-00:00:00
Kruisfontein,12,ZA,1553647525,85,-34.0,24.73,14.95,3.68,03/27/2019-00:45:25
Bagan,92,RU,1553647526,94,54.1,77.67,0.52,3.73,03/27/2019-00:45:26
Fortuna,0,ES,1553647526,50,38.18,-1.13,14.0,3.1,03/27/2019-00:45:26
Kovdor,0,RU,1553647529,93,67.56,30.47,-10.71,1.33,03/27/2019-00:45:29
Ulaangom,0,MN,1553647530,55,49.98,92.07,-23.23,1.18,03/27/2019-00:45:30
Price,1,US,1553647146,35,39.6,-110.81,16.11,3.6,03/27/2019-00:39:06
Sampit,32,ID,1553647525,95,-2.54,112.95,25.45,1.63,03/27/2019-00:45:25
Zadar,0,HR,1553647281,36,44.12,15.24,9.0,5.1,03/27/2019-00:41:21
Rawson,0,AR,1553647523,45,-43.3,-65.11,17.07,6.58,03/27/2019-00:45:23
Muravlenko,64,RU,1553647539,91,63.79,74.5,-0.83,7.18,03/27/2019-00:45:39
Diamantino,76,BR,1553647540,91,-14.4,-56.44,23.55,1.33,03/27/2019-00:45:40
Bereda,0,ES,1553647442,61,43.27,-7.54,10.56,2.6,03/27/2019-00:44:02
Amapa,20,HN,1553644800,62,15.09,-87.97,29.0,7.2,03/27/2019-00:00:00
Walvis Bay,0,,1553644931,87,-22.95,14.51,16.11,3.6,03/27/2019-00:02:11
Sibolga,92,ID,1553647514,100,1.74,98.78,20.15,0.68,03/27/2019-00:45:14
Kawalu,68,ID,1553647547,97,-7.38,108.21,20.8,0.58,03/27/2019-00:45:47
Sumbe,92,AO,1553647549,100,-11.2,13.84,26.22,1.93,03/27/2019-00:45:49
Pochinki,0,RU,1553647550,95,54.7,44.85,-0.28,3.93,03/27/2019-00:45:50
Tasiilaq,24,GL,1553644200,57,65.61,-37.64,-5.0,6.2,03/26/2019-23:50:00
Xuddur,12,SO,1553647553,76,4.12,43.89,24.65,4.48,03/27/2019-00:45:53
Yar-Sale,80,RU,1553647555,91,66.83,70.83,0.05,9.58,03/27/2019-00:45:55
San Patricio,44,PY,1553647556,51,-26.98,-56.83,20.82,2.78,03/27/2019-00:45:56
Lukovetskiy,90,RU,1553644800,92,64.29,41.92,-2.0,2.0,03/27/2019-00:00:00
Bushehr,0,IR,1553644200,68,28.97,50.84,18.0,2.58,03/26/2019-23:50:00
Vilyuysk,0,RU,1553647560,65,63.75,121.63,-16.18,2.83,03/27/2019-00:46:00
Balikpapan,75,ID,1553644800,94,-1.24,116.86,26.0,3.6,03/27/2019-00:00:00
Sola,90,NO,1553647520,100,58.89,5.65,7.0,3.6,03/27/2019-00:45:20
Faanui,64,PF,1553647470,100,-16.48,-151.75,29.3,3.28,03/27/2019-00:44:30
Havelock,1,US,1553647422,45,34.88,-76.9,9.0,8.7,03/27/2019-00:43:42
Guerrero Negro,48,MX,1553647566,65,27.97,-114.04,19.8,4.93,03/27/2019-00:46:06
Kankan,36,GN,1553647567,89,10.38,-9.3,21.97,1.43,03/27/2019-00:46:07
Aripuana,20,BR,1553647570,92,-9.17,-60.63,25.15,0.93,03/27/2019-00:46:10
Nishihara,20,JP,1553647520,33,35.74,139.53,15.56,2.6,03/27/2019-00:45:20
Esperance,40,TT,1553647208,78,10.24,-61.45,26.67,2.6,03/27/2019-00:40:08
San Joaquin,48,PH,1553647573,86,10.59,122.14,25.45,4.33,03/27/2019-00:46:13
Palmas,75,BR,1553644800,100,-10.18,-48.33,24.0,1.5,03/27/2019-00:00:00
Ambilobe,80,MG,1553647576,94,-13.19,49.05,23.07,1.23,03/27/2019-00:46:16
Sao Jose da Coroa Grande,88,BR,1553647577,93,-8.9,-35.15,26.3,2.33,03/27/2019-00:46:17
Bagdarin,0,RU,1553647579,46,54.44,113.59,-13.73,2.73,03/27/2019-00:46:19
Suntar,44,RU,1553647359,72,62.16,117.65,-13.08,2.08,03/27/2019-00:42:39
Lavrentiya,88,RU,1553647581,95,65.58,-170.99,0.62,13.98,03/27/2019-00:46:21
Alekseyevsk,76,RU,1553647582,82,57.84,108.35,-7.78,1.98,03/27/2019-00:46:22
Meitingen,92,DE,1553647581,86,48.55,10.85,4.0,1.0,03/27/2019-00:46:21
Gushikawa,40,JP,1553647348,60,26.35,127.87,21.0,3.6,03/27/2019-00:42:28
Mahenge,92,TZ,1553647586,98,-8.68,36.72,20.92,1.08,03/27/2019-00:46:26
La Palma,8,CO,1553647589,94,5.36,-74.39,21.17,0.83,03/27/2019-00:46:29
Acton Vale,1,CA,1553647508,46,45.65,-72.56,-1.67,5.7,03/27/2019-00:45:08
Ballina,80,IE,1553647384,86,54.11,-9.15,9.44,1.34,03/27/2019-00:43:04
Vung Tau,24,VN,1553647386,91,10.35,107.08,28.02,8.93,03/27/2019-00:43:06
Lujan,0,AR,1553647594,45,-46.57,-67.67,14.97,3.73,03/27/2019-00:46:34
Penzance,0,GB,1553647386,93,50.12,-5.53,7.78,2.1,03/27/2019-00:43:06
Saint-Joseph,0,FR,1553647223,56,43.56,6.97,10.0,2.6,03/27/2019-00:40:23
Saint-Augustin,0,FR,1553647509,53,44.83,-0.61,8.33,5.1,03/27/2019-00:45:09
Mola di Bari,40,IT,1553647575,100,41.06,17.09,10.0,3.6,03/27/2019-00:46:15
Kutum,0,SD,1553647601,30,14.2,24.66,15.87,3.28,03/27/2019-00:46:41
Thompson,90,CA,1553644800,60,55.74,-97.86,5.0,3.6,03/27/2019-00:00:00
Koidu,68,SL,1553647604,68,8.64,-10.97,26.32,3.88,03/27/2019-00:46:44
Mogadishu,8,SO,1553647501,96,2.04,45.34,28.55,7.03,03/27/2019-00:45:01
Solihull,75,GB,1553647506,61,52.41,-1.78,8.0,2.6,03/27/2019-00:45:06
Badou,24,TG,1553647611,97,7.58,0.61,22.42,1.43,03/27/2019-00:46:51
Caernarfon,0,GB,1553647564,93,53.14,-4.27,8.89,1.0,03/27/2019-00:46:04
Constitucion,75,MX,1553647217,10,23.99,-104.67,27.0,3.1,03/27/2019-00:40:17
Rocha,44,UY,1553647435,74,-34.48,-54.34,16.37,3.88,03/27/2019-00:43:55
Frechen,75,DE,1553647614,75,50.91,6.81,7.78,1.0,03/27/2019-00:46:54
Tuktoyaktuk,75,CA,1553644800,92,69.44,-133.03,-6.0,6.7,03/27/2019-00:00:00
Inhambane,100,MZ,1553647619,89,-23.87,35.38,25.8,7.73,03/27/2019-00:46:59
Bambanglipuro,76,ID,1553647622,95,-7.95,110.28,24.67,1.08,03/27/2019-00:47:02
Huilong,76,CN,1553647471,94,28.89,110.18,12.97,0.78,03/27/2019-00:44:31
Luderitz,24,,1553647453,89,-26.65,15.16,15.37,3.88,03/27/2019-00:44:13
Bubaque,0,GW,1553647626,100,11.28,-15.83,25.45,6.93,03/27/2019-00:47:06
Alofi,90,NU,1553644800,70,-19.06,-169.92,29.0,6.7,03/27/2019-00:00:00
Nicoya,0,CR,1553644800,51,10.15,-85.45,30.0,10.8,03/27/2019-00:00:00
Jalu,0,LY,1553647631,46,29.03,21.55,11.4,1.23,03/27/2019-00:47:11
Fuente de Oro,0,CO,1553647634,43,3.46,-73.62,27.57,1.23,03/27/2019-00:47:14
Tsaratanana,80,MG,1553647636,97,-16.8,47.65,21.92,1.28,03/27/2019-00:47:16
Kolyvan,0,RU,1553644800,79,55.31,82.74,-4.0,2.0,03/27/2019-00:00:00
Talnakh,92,RU,1553647596,93,69.49,88.39,-1.93,8.83,03/27/2019-00:46:36
Selma,1,US,1553647619,37,36.57,-119.61,24.0,2.1,03/27/2019-00:46:59
San Cristobal,75,EC,1553647595,82,-0.39,-78.55,17.0,3.6,03/27/2019-00:46:35
Luyang,0,CN,1553644800,55,31.88,117.26,16.0,3.0,03/27/2019-00:00:00
Lermontovka,76,RU,1553647644,65,47.15,134.34,-3.03,3.73,03/27/2019-00:47:24
Ucluelet,40,CA,1553647543,87,48.94,-125.55,11.11,3.1,03/27/2019-00:45:43
Broumov,75,PL,1553647627,86,50.59,16.33,4.44,1.5,03/27/2019-00:47:07
Behbahan,75,IR,1553644800,100,30.59,50.24,12.0,1.08,03/27/2019-00:00:00
Mazatlan,75,MX,1553647565,54,23.22,-106.42,26.0,5.1,03/27/2019-00:46:05
Myaundzha,80,RU,1553647651,68,63.05,147.18,-11.58,4.48,03/27/2019-00:47:31
Lukulu,20,ZM,1553647652,81,-14.38,23.24,21.02,1.88,03/27/2019-00:47:32
Ahar,88,IR,1553647544,94,38.48,47.07,-3.68,0.98,03/27/2019-00:45:44
Isla Aguada,40,MX,1553644500,78,18.78,-91.49,26.0,8.2,03/26/2019-23:55:00
Awjilah,0,LY,1553647656,53,29.14,21.3,11.17,1.03,03/27/2019-00:47:36
Chapais,1,CA,1553644800,34,49.78,-74.86,-8.0,1.5,03/27/2019-00:00:00
Pisco,0,PE,1553644800,83,-13.71,-76.2,22.0,7.7,03/27/2019-00:00:00
Opuwo,68,,1553647660,89,-18.06,13.84,16.17,1.38,03/27/2019-00:47:40
Victoria,75,BN,1553644800,83,5.28,115.24,28.0,0.5,03/27/2019-00:00:00
Ahipara,88,NZ,1553647664,69,-35.17,173.16,22.9,7.73,03/27/2019-00:47:44
Digha,0,IN,1553647665,100,21.62,87.51,20.57,1.33,03/27/2019-00:47:45
Jardim,0,BR,1553647666,57,-21.48,-56.15,25.95,4.23,03/27/2019-00:47:46
Liaozhong,0,CN,1553644800,27,41.51,122.73,5.0,7.0,03/27/2019-00:00:00
Brazzaville,20,CD,1553644800,88,-4.27,15.27,24.0,1.0,03/27/2019-00:00:00
Chernyshevskiy,20,RU,1553647670,73,63.01,112.47,-14.83,1.33,03/27/2019-00:47:50
Whitianga,92,NZ,1553647510,78,-36.83,175.7,23.33,4.47,03/27/2019-00:45:10
Lompoc,20,US,1553647622,82,34.64,-120.46,18.33,3.6,03/27/2019-00:47:02
Westport,80,IE,1553647384,74,53.8,-9.52,10.0,1.34,03/27/2019-00:43:04
Srandakan,76,ID,1553647676,95,-7.94,110.25,24.67,1.08,03/27/2019-00:47:56
Haines Junction,12,CA,1553647678,47,60.75,-137.51,3.72,1.18,03/27/2019-00:47:58
Half Moon Bay,75,US,1553647665,76,37.46,-122.43,19.44,2.1,03/27/2019-00:47:45
Buchanan,40,LR,1553644800,94,5.88,-10.05,26.0,2.63,03/27/2019-00:00:00
Chagoda,88,RU,1553647682,93,59.16,35.33,-1.61,1.08,03/27/2019-00:48:02
Daru,24,SL,1553647683,72,7.99,-10.85,26.47,3.78,03/27/2019-00:48:03
Two Rivers,1,US,1553647664,69,44.15,-87.57,7.0,4.6,03/27/2019-00:47:44
Mosquera,75,CO,1553644800,82,4.71,-74.23,14.0,2.6,03/27/2019-00:00:00
Cabedelo,20,BR,1553644800,94,-6.97,-34.84,24.0,1.5,03/27/2019-00:00:00
Nioro,0,GM,1553647688,43,13.79,-15.05,23.65,3.68,03/27/2019-00:48:08
Del Rio,75,US,1553644680,44,29.36,-100.9,26.0,5.1,03/26/2019-23:58:00
Yumen,12,CN,1553647456,56,40.29,97.04,4.42,7.93,03/27/2019-00:44:16
Vila Franca do Campo,20,PT,1553647525,76,37.72,-25.43,13.0,8.2,03/27/2019-00:45:25
Batticaloa,0,LK,1553647693,100,7.71,81.69,23.7,1.08,03/27/2019-00:48:13
Khelyulya,0,RU,1553647215,61,61.73,30.68,-8.33,4.68,03/27/2019-00:40:15
Quatre Cocos,40,MU,1553644800,94,-20.21,57.76,26.0,2.6,03/27/2019-00:00:00
Blackfalds,90,CA,1553644804,98,52.38,-113.8,2.22,3.6,03/27/2019-00:00:04
Leshukonskoye,80,RU,1553647700,85,64.9,45.76,-2.56,2.13,03/27/2019-00:48:20
Waipawa,12,NZ,1553646737,54,-39.94,176.59,21.11,4.02,03/27/2019-00:32:17
Tevaitoa,64,PF,1553647702,100,-16.78,-151.5,27.72,2.43,03/27/2019-00:48:22
Cooma,0,AU,1553644800,66,-36.24,149.13,12.0,5.1,03/27/2019-00:00:00
Bandarbeyla,88,SO,1553647705,100,9.49,50.81,26.37,1.43,03/27/2019-00:48:25
Cherskiy,68,RU,1553647706,76,68.75,161.3,-11.81,6.88,03/27/2019-00:48:26
Grand Gaube,40,MU,1553644800,94,-20.01,57.66,26.0,2.6,03/27/2019-00:00:00
Matay,0,EG,1553647709,61,28.42,30.79,9.72,1.88,03/27/2019-00:48:29
Bilibino,68,RU,1553647710,80,68.06,166.44,-6.61,1.63,03/27/2019-00:48:30
Gamba,56,CN,1553647711,72,28.28,88.52,-13.88,2.88,03/27/2019-00:48:31
Berlevag,32,NO,1553647714,100,70.86,29.09,-4.18,3.53,03/27/2019-00:48:34
Souillac,0,FR,1553647329,61,45.6,-0.6,8.0,5.1,03/27/2019-00:42:09
Beidao,92,CN,1553647717,80,34.57,105.89,5.9,2.03,03/27/2019-00:48:37
Alice Springs,32,AU,1553644800,30,-23.7,133.88,22.0,6.2,03/27/2019-00:00:00
Amahai,12,ID,1553647720,100,-3.31,129.0,28.9,2.13,03/27/2019-00:48:40
Gaya,20,IN,1553644800,88,24.8,85.01,17.0,1.33,03/27/2019-00:00:00
Keflavik,75,IS,1553647483,86,64.0,-22.56,5.0,7.7,03/27/2019-00:44:43
Blagoyevo,32,RU,1553647725,86,63.37,47.92,-3.33,1.88,03/27/2019-00:48:45
Dicabisagan,100,PH,1553647726,100,17.08,122.42,23.87,3.38,03/27/2019-00:48:46
Comodoro Rivadavia,0,AR,1553644800,72,-45.87,-67.48,15.0,5.48,03/27/2019-00:00:00
Dwarka,0,IN,1553644800,77,28.58,77.04,16.0,2.1,03/27/2019-00:00:00
Jalingo,0,NG,1553647732,26,10.3,10.93,24.8,4.43,03/27/2019-00:48:52
Koscierzyna,0,PL,1553647651,92,54.12,17.98,-0.57,2.1,03/27/2019-00:47:31
Norrtalje,0,SE,1553647630,77,59.76,18.7,1.67,3.6,03/27/2019-00:47:10
Fallon,1,US,1553644560,25,46.84,-105.12,18.0,4.1,03/26/2019-23:56:00
Anadyr,90,RU,1553647348,92,64.73,177.51,-1.0,16.0,03/27/2019-00:42:28
Sisophon,8,KH,1553647740,89,13.59,102.97,23.95,2.18,03/27/2019-00:49:00
Kisoro,0,UG,1553647741,82,-1.28,29.69,11.55,1.08,03/27/2019-00:49:01
Alta Floresta,64,BR,1553647743,96,-9.87,-56.08,23.9,0.93,03/27/2019-00:49:03
Bom Jesus,40,BR,1553644800,94,-5.99,-35.58,26.0,2.1,03/27/2019-00:00:00
Winneba,0,GH,1553644800,83,5.35,-0.62,28.0,2.6,03/27/2019-00:00:00
Pestovo,0,RU,1553647551,79,55.36,37.98,0.0,3.0,03/27/2019-00:45:51
Ugoofaaru,0,MV,1553647752,100,5.67,73.0,28.8,2.73,03/27/2019-00:49:12
Aykhal,88,RU,1553647652,71,65.95,111.51,-10.21,3.38,03/27/2019-00:47:32
Eyl,92,SO,1553647757,98,7.98,49.82,26.32,3.18,03/27/2019-00:49:17
Ust-Tsilma,76,RU,1553647758,86,65.44,52.15,-1.83,2.68,03/27/2019-00:49:18
Sao Filipe,0,CV,1553647665,100,14.9,-24.5,20.9,5.38,03/27/2019-00:47:45
Skibbereen,20,IE,1553646600,81,51.55,-9.27,7.0,3.6,03/27/2019-00:30:00
Paita,8,PE,1553647763,62,-5.09,-81.11,26.07,3.23,03/27/2019-00:49:23
Sawtell,90,AU,1553647694,77,-30.38,153.1,22.0,6.7,03/27/2019-00:48:14
East London,68,ZA,1553647766,100,-33.02,27.91,20.32,2.43,03/27/2019-00:49:26
Havoysund,0,NO,1553644200,63,71.0,24.66,-3.0,9.8,03/26/2019-23:50:00
Ramanathapuram,0,IN,1553647672,95,9.37,78.83,20.65,2.08,03/27/2019-00:47:52
Sitka,24,US,1553646619,53,37.17,-99.65,17.78,4.47,03/27/2019-00:30:19
Conceicao do Araguaia,80,BR,1553647777,99,-8.26,-49.26,22.77,2.58,03/27/2019-00:49:37
Kijang,0,KR,1553644800,54,35.24,129.21,14.0,0.5,03/27/2019-00:00:00
Ostrovnoy,0,RU,1553647783,84,68.05,39.51,-7.88,6.03,03/27/2019-00:49:43
Sinnamary,88,GF,1553647784,92,5.38,-52.96,26.97,5.13,03/27/2019-00:49:44
Kamaishi,75,JP,1553644920,60,39.28,141.86,6.0,7.7,03/27/2019-00:02:00
Rovaniemi,0,FI,1553646000,67,66.5,25.72,-8.0,2.1,03/27/2019-00:20:00
George,20,NG,1553644800,88,6.63,3.35,28.0,1.0,03/27/2019-00:00:00
Storforshei,76,NO,1553647715,88,66.4,14.52,-1.11,1.08,03/27/2019-00:48:35
Meadow Lake,90,CA,1553644800,93,54.13,-108.44,2.0,2.1,03/27/2019-00:00:00
Benidorm,0,ES,1553647765,50,38.54,-0.13,12.78,3.1,03/27/2019-00:49:25
Bradford,75,GB,1553647516,81,53.79,-1.75,9.0,3.6,03/27/2019-00:45:16
Lagos,20,NG,1553644800,88,6.46,3.39,28.0,1.0,03/27/2019-00:00:00
Dali,0,CN,1553647798,73,25.6,100.24,13.37,1.88,03/27/2019-00:49:58
Bathsheba,40,BB,1553644800,69,13.22,-59.52,26.0,9.3,03/27/2019-00:00:00
Dafeng,0,CN,1553647801,74,33.2,120.46,11.82,4.38,03/27/2019-00:50:01
Atherton,90,GB,1553647800,75,53.52,-2.49,9.44,2.6,03/27/2019-00:50:00
Nuuk,0,GL,1553647322,47,64.17,-51.74,-9.44,4.47,03/27/2019-00:42:02
Aklavik,20,CA,1553644800,64,68.22,-135.01,3.0,2.1,03/27/2019-00:00:00
Tuatapere,56,NZ,1553647805,70,-46.13,167.69,13.33,8.49,03/27/2019-00:50:05
Sobolevo,24,RU,1553647808,70,54.43,31.9,-6.98,1.53,03/27/2019-00:50:08
Ulcinj,40,ME,1553646600,34,41.93,19.22,13.0,6.2,03/27/2019-00:30:00
Ust-Kan,0,RU,1553647811,60,50.93,84.77,-17.11,0.88,03/27/2019-00:50:11
Antofagasta,40,CL,1553644800,77,-23.65,-70.4,18.0,5.1,03/27/2019-00:00:00
Sargatskoye,0,RU,1553647813,84,55.6,73.49,-5.61,3.93,03/27/2019-00:50:13
Jumla,0,NP,1553647815,55,29.28,82.18,-7.36,0.88,03/27/2019-00:50:15
Nizhniy Kuranakh,80,RU,1553647816,70,58.84,125.49,-12.23,2.48,03/27/2019-00:50:16
Yamethin,0,MM,1553647817,67,20.43,96.14,21.4,4.58,03/27/2019-00:50:17
Shingu,0,JP,1553644800,47,33.72,135.99,13.0,3.1,03/27/2019-00:00:00
Belmonte,0,PT,1553647549,34,40.36,-7.35,11.11,2.68,03/27/2019-00:45:49
Central Point,20,US,1553647816,44,42.38,-122.91,15.56,1.5,03/27/2019-00:50:16
Talara,8,PE,1553647529,62,-4.58,-81.27,26.07,3.23,03/27/2019-00:45:29
Lakatoro,80,VU,1553647823,90,-16.11,167.42,27.8,4.68,03/27/2019-00:50:23
Mlonggo,20,ID,1553643000,94,-6.53,110.7,25.0,1.0,03/26/2019-23:30:00
Fort Myers Beach,1,US,1553647823,69,26.45,-81.95,23.0,4.6,03/27/2019-00:50:23
Samarai,64,PG,1553647829,100,-10.62,150.67,28.05,4.23,03/27/2019-00:50:29
Conde,88,BR,1553647781,88,-11.81,-37.61,27.27,3.18,03/27/2019-00:49:41
Yuci,8,CN,1553644800,24,37.68,112.73,9.0,2.0,03/27/2019-00:00:00
San Ramon,48,NI,1553647665,64,12.92,-85.84,21.11,0.45,03/27/2019-00:47:45
San Rafael,88,AR,1553647836,55,-34.61,-68.33,14.7,2.68,03/27/2019-00:50:36
Yeppoon,90,AU,1553644800,58,-23.13,150.74,30.0,3.6,03/27/2019-00:00:00
Miles City,1,US,1553647748,46,46.41,-105.84,18.33,3.6,03/27/2019-00:49:08
Fare,64,PF,1553647841,100,-16.7,-151.02,27.72,2.43,03/27/2019-00:50:41
Farso,92,DK,1553647817,93,56.77,9.34,7.22,6.2,03/27/2019-00:50:17
Timra,92,SE,1553647576,92,62.49,17.33,0.56,2.23,03/27/2019-00:46:16
Buraydah,0,SA,1553644800,47,26.33,43.97,14.0,3.1,03/27/2019-00:00:00
Edgewater,90,US,1553647836,88,28.99,-80.9,21.67,3.1,03/27/2019-00:50:36
Huzhou,88,CN,1553647815,73,30.86,120.1,17.78,2.33,03/27/2019-00:50:15
Barcelona,0,ES,1553647626,61,41.38,2.18,12.22,1.5,03/27/2019-00:47:06
Mayor Pablo Lagerenza,56,PY,1553647851,91,-19.93,-60.77,23.27,6.73,03/27/2019-00:50:51
Narsaq,44,GL,1553644200,62,60.91,-46.05,-6.0,6.2,03/26/2019-23:50:00
Guadalupe Victoria,5,MX,1553644140,42,21.68,-105.33,27.0,3.1,03/26/2019-23:49:00
Necochea,0,AR,1553647279,74,-38.55,-58.74,12.78,3.33,03/27/2019-00:41:19
Taoudenni,100,ML,1553647698,87,22.68,-3.98,19.17,0.63,03/27/2019-00:48:18
Pangnirtung,36,CA,1553647858,81,66.15,-65.72,-18.98,2.88,03/27/2019-00:50:58
Zhigansk,0,RU,1553647859,71,66.77,123.37,-19.03,2.93,03/27/2019-00:50:59
Thetford Mines,0,CA,1553647563,63,46.09,-71.3,-5.57,2.88,03/27/2019-00:46:03
Palana,80,RU,1553647862,66,59.08,159.95,-9.36,3.18,03/27/2019-00:51:02
Northam,0,GB,1553647815,86,51.04,-4.21,6.67,2.18,03/27/2019-00:50:15
Progreso,20,UY,1553647575,63,-34.68,-56.22,18.89,2.6,03/27/2019-00:46:15
Saquena,12,PE,1553647866,80,-4.67,-73.52,28.47,1.98,03/27/2019-00:51:06
Bainbridge,48,US,1553647589,48,30.9,-84.58,21.0,2.43,03/27/2019-00:46:29
Nieuw Amsterdam,0,SR,1553647514,74,5.88,-55.08,27.0,2.1,03/27/2019-00:45:14
Hamilton,90,BM,1553647623,94,32.3,-64.78,20.0,10.3,03/27/2019-00:47:03
Haapiti,75,PF,1553647343,66,-17.57,-149.87,31.0,4.6,03/27/2019-00:42:23
Provideniya,75,RU,1553644800,86,64.42,-173.23,1.0,16.0,03/27/2019-00:00:00
Nome,1,US,1553647817,46,30.04,-94.42,23.0,3.6,03/27/2019-00:50:17
Mao,75,DO,1553647815,100,19.55,-71.08,26.11,0.63,03/27/2019-00:50:15
Pinheiro Machado,64,BR,1553647714,73,-31.58,-53.38,17.62,3.83,03/27/2019-00:48:34
Zharkent,36,KZ,1553647879,62,44.17,80.0,-6.18,1.33,03/27/2019-00:51:19
Steamboat Springs,1,US,1553647380,36,40.48,-106.83,9.0,2.73,03/27/2019-00:43:00
Hualmay,8,PE,1553647883,78,-11.1,-77.61,20.7,1.98,03/27/2019-00:51:23
Lincoln,0,GB,1553647866,76,53.23,-0.54,9.0,3.1,03/27/2019-00:51:06
High Level,75,CA,1553644800,56,58.52,-117.13,6.0,3.6,03/27/2019-00:00:00
Plettenberg Bay,56,ZA,1553647888,98,-34.05,23.37,17.95,7.13,03/27/2019-00:51:28
Lafiagi,8,NG,1553647889,66,8.85,5.42,27.8,1.23,03/27/2019-00:51:29
Oranjemund,0,ZA,1553647891,93,-28.55,16.43,15.77,1.58,03/27/2019-00:51:31
Ust-Nera,36,RU,1553647892,67,64.57,143.24,-15.11,1.08,03/27/2019-00:51:32
Boa Vista,0,BR,1553644800,43,2.82,-60.67,32.0,5.1,03/27/2019-00:00:00
Belaya Gora,36,RU,1553647895,90,68.54,146.19,-21.71,3.78,03/27/2019-00:51:35
Odda,64,NO,1553647804,93,60.07,6.55,6.67,0.45,03/27/2019-00:50:04
Miami,40,US,1553647203,73,25.77,-80.19,25.0,2.6,03/27/2019-00:40:03
Gazanjyk,92,TM,1553647899,100,39.24,55.52,8.05,1.53,03/27/2019-00:51:39
Sao Geraldo do Araguaia,76,BR,1553647716,87,-6.4,-48.55,25.47,2.53,03/27/2019-00:48:36
Novikovo,68,UA,1553647902,98,45.05,34.56,4.55,1.73,03/27/2019-00:51:42
Coquimbo,90,CL,1553644800,93,-29.95,-71.34,13.0,2.1,03/27/2019-00:00:00
Hay River,75,CA,1553644800,74,60.82,-115.79,3.0,2.6,03/27/2019-00:00:00
Nabagram,40,BD,1553644800,78,23.83,89.98,22.0,1.5,03/27/2019-00:00:00
Kuytun,0,RU,1553647909,65,54.34,101.51,-12.36,0.73,03/27/2019-00:51:49
General Roca,0,AR,1553644800,32,-39.03,-67.58,19.0,3.1,03/27/2019-00:00:00
Bilma,0,NE,1553647913,17,18.69,12.92,19.2,3.78,03/27/2019-00:51:53
Longyearbyen,75,NO,1553644200,67,78.22,15.63,-6.0,4.6,03/26/2019-23:50:00
Isangel,40,VU,1553644800,62,-19.55,169.27,31.0,5.1,03/27/2019-00:00:00
Solano,32,PH,1553647917,65,16.52,121.18,21.2,1.43,03/27/2019-00:51:57
Gizo,40,IL,1553647869,76,31.8,34.94,13.0,3.1,03/27/2019-00:51:09
Hami,0,CN,1553647703,84,42.84,93.51,3.17,1.48,03/27/2019-00:48:23
Yichun,0,CN,1553647920,41,47.72,128.88,-5.31,2.08,03/27/2019-00:52:00
Gravdal,92,NO,1553647806,100,59.79,5.78,6.67,4.1,03/27/2019-00:50:06
Anito,88,PH,1553647923,100,12.45,125.29,25.67,7.18,03/27/2019-00:52:03
Ewa Beach,75,US,1553647692,63,21.32,-158.01,29.0,4.6,03/27/2019-00:48:12
Kaseda,20,JP,1553647346,71,31.42,130.32,13.0,1.0,03/27/2019-00:42:26
Stokmarknes,92,NO,1553647566,92,68.56,14.91,0.0,6.71,03/27/2019-00:46:06
Marawi,0,PH,1553647619,76,8.0,124.29,25.56,2.24,03/27/2019-00:46:59
Arcachon,0,FR,1553647842,52,44.65,-1.18,8.33,3.6,03/27/2019-00:50:42
Karatau,92,KZ,1553647931,73,43.18,70.46,11.82,2.03,03/27/2019-00:52:11
Okhotsk,48,RU,1553647932,77,59.36,143.24,-4.03,2.43,03/27/2019-00:52:12
Zatoka,20,PL,1553647930,74,50.04,20.52,2.22,4.1,03/27/2019-00:52:10
Omaruru,68,,1553647936,61,-21.42,15.95,19.9,1.78,03/27/2019-00:52:16
Nova Olimpia,36,BR,1553647937,91,-14.8,-57.29,25.22,1.13,03/27/2019-00:52:17
Salina Cruz,0,MX,1553647938,40,16.18,-95.2,29.42,8.73,03/27/2019-00:52:18
Iralaya,40,HN,1553644800,78,15.0,-83.23,27.0,4.1,03/27/2019-00:00:00
Plainview,1,US,1553647797,51,34.18,-101.71,20.0,5.7,03/27/2019-00:49:57
Juarez,0,AR,1553644800,32,-38.95,-67.92,19.0,3.1,03/27/2019-00:00:00
Bela,36,PK,1553647943,53,26.23,66.31,16.37,0.93,03/27/2019-00:52:23
LaPlace,1,US,1553647938,39,30.07,-90.48,19.44,3.1,03/27/2019-00:52:18
Pasighat,92,IN,1553647946,98,28.06,95.33,13.57,0.78,03/27/2019-00:52:26
Pital,0,CO,1553647947,84,2.27,-75.81,20.3,0.83,03/27/2019-00:52:27
Lucea,20,JM,1553647566,74,18.44,-78.17,27.0,2.6,03/27/2019-00:46:06
Maceio,75,BR,1553644800,88,-9.67,-35.74,24.0,1.5,03/27/2019-00:00:00
Zemio,64,CF,1553647951,89,5.02,25.13,23.32,1.13,03/27/2019-00:52:31
Segou,0,SN,1553647954,47,12.41,-12.29,26.02,3.28,03/27/2019-00:52:34
Liverpool,75,GB,1553647809,70,53.41,-2.98,9.44,4.1,03/27/2019-00:50:09
Komsomolskiy,88,RU,1553647956,94,67.55,63.78,-1.13,6.93,03/27/2019-00:52:36
Svetlogorsk,0,RU,1553644800,73,53.14,59.15,-5.0,1.0,03/27/2019-00:00:00
Mehamn,64,NO,1553647959,83,71.03,27.85,-5.63,2.33,03/27/2019-00:52:39
Nanning,90,CN,1553644800,100,22.83,108.3,17.0,1.13,03/27/2019-00:00:00
Puro,56,PH,1553647964,79,13.13,123.76,26.82,3.53,03/27/2019-00:52:44
Madera,1,US,1553647694,43,36.96,-120.06,22.78,2.6,03/27/2019-00:48:14
Kiamba,40,PH,1553644800,58,5.99,124.62,29.0,2.1,03/27/2019-00:00:00
Wiarton,20,CA,1553647707,58,44.74,-81.13,-1.67,1.5,03/27/2019-00:48:27
Tacoronte,0,ES,1553647883,93,28.48,-16.41,17.0,6.2,03/27/2019-00:51:23
Saint-Pierre,0,FR,1553647935,86,48.95,4.24,5.0,4.1,03/27/2019-00:52:15
Ketchikan,75,US,1553644560,61,55.34,-131.65,11.0,8.2,03/26/2019-23:56:00
Esna,0,RO,1553647973,79,45.2,27.57,4.07,1.33,03/27/2019-00:52:53
Placido de Castro,88,BR,1553647974,91,-10.34,-67.19,25.72,0.98,03/27/2019-00:52:54
Baiyin,90,CN,1553644800,37,36.55,104.13,2.0,2.0,03/27/2019-00:00:00
Bexhill,0,GB,1553647957,87,50.84,0.47,8.33,1.5,03/27/2019-00:52:37
Pangkalanbuun,64,ID,1553647978,97,-2.68,111.62,24.92,1.83,03/27/2019-00:52:58
Kavaratti,0,IN,1553647980,100,10.57,72.64,28.57,3.33,03/27/2019-00:53:00
Port Hardy,40,CA,1553644800,76,50.7,-127.42,10.0,5.7,03/27/2019-00:00:00
Luanda,75,AO,1553644800,94,-8.83,13.24,25.0,1.5,03/27/2019-00:00:00
Ushtobe,48,KZ,1553647986,64,45.25,77.98,3.87,1.18,03/27/2019-00:53:06
Solnechnyy,68,RU,1553647987,73,50.72,136.64,-6.83,1.63,03/27/2019-00:53:07
Beloha,0,MG,1553647988,90,-25.17,45.06,21.22,0.28,03/27/2019-00:53:08
Thayetmyo,0,MM,1553647973,80,19.32,95.18,17.15,1.23,03/27/2019-00:52:53
Okha,68,RU,1553647991,94,53.59,142.95,-7.83,6.18,03/27/2019-00:53:11
Oktyabrskoye,0,RU,1553647831,85,56.73,85.44,-3.33,1.58,03/27/2019-00:50:31
Totness,90,US,1553647949,71,33.74,-80.8,14.0,3.1,03/27/2019-00:52:29
Abu Samrah,12,SY,1553647995,77,35.3,37.18,8.65,3.58,03/27/2019-00:53:15
Pontianak,40,ID,1553644800,94,-0.02,109.34,26.0,1.5,03/27/2019-00:00:00
Fort Nelson,75,CA,1553644800,36,58.81,-122.69,9.0,1.0,03/27/2019-00:00:00
Strezhevoy,75,RU,1553644800,90,60.73,77.6,0.0,5.0,03/27/2019-00:00:00
Keti Bandar,32,PK,1553648000,90,24.14,67.45,24.82,4.58,03/27/2019-00:53:20
Nouadhibou,0,MR,1553644800,88,20.93,-17.03,19.0,2.1,03/27/2019-00:00:00
Faya,0,SA,1553644800,76,18.39,42.45,16.0,4.1,03/27/2019-00:00:00
Lichinga,68,MZ,1553648003,100,-13.3,35.25,18.15,1.18,03/27/2019-00:53:23
Yangcun,100,CN,1553647791,87,29.98,118.17,16.11,1.33,03/27/2019-00:49:51
San Pedro de los Naranjos,20,MX,1553646660,16,20.25,-100.98,26.0,2.1,03/27/2019-00:31:00
Sevsk,0,RU,1553648007,78,52.15,34.49,-5.46,1.28,03/27/2019-00:53:27
Imeni Zhelyabova,0,RU,1553648009,77,58.95,36.6,-5.98,3.18,03/27/2019-00:53:29
Palatka,75,US,1553647840,82,29.65,-81.64,18.89,6.7,03/27/2019-00:50:40
Trujillo,20,PE,1553644800,83,-8.11,-79.03,21.0,4.1,03/27/2019-00:00:00
Lima,0,PE,1553647807,78,-12.06,-77.04,22.22,5.1,03/27/2019-00:50:07
Morant Bay,0,JM,1553648014,100,17.88,-76.41,25.72,2.48,03/27/2019-00:53:34
Ornskoldsvik,92,SE,1553646000,92,63.29,18.72,0.0,2.1,03/27/2019-00:20:00
Buala,68,SB,1553648018,84,-8.15,159.59,29.77,2.53,03/27/2019-00:53:38
Avera,75,US,1553647922,71,33.19,-82.53,16.0,4.6,03/27/2019-00:52:02
Vestmannaeyjar,92,IS,1553648020,85,63.44,-20.27,5.22,9.08,03/27/2019-00:53:40
Am Timan,0,TD,1553648021,45,11.04,20.28,25.45,2.93,03/27/2019-00:53:41
Tyumentsevo,64,RU,1553648023,68,53.32,81.5,-9.21,1.23,03/27/2019-00:53:43
Praya,20,ID,1553646600,94,-8.71,116.27,27.0,0.53,03/27/2019-00:30:00
Lere,0,TD,1553648025,27,9.66,14.23,25.37,4.48,03/27/2019-00:53:45
Kasaoka,0,JP,1553647695,66,34.5,133.52,13.0,3.6,03/27/2019-00:48:15
Vila,0,IT,1553648026,55,45.18,8.4,10.0,2.6,03/27/2019-00:53:46
Broome,0,GB,1553648001,81,52.47,1.45,7.78,2.1,03/27/2019-00:53:21
Laguna,90,MX,1553643840,32,27.52,-110.01,28.0,5.1,03/26/2019-23:44:00
Herat,64,AF,1553648032,63,34.35,62.22,15.12,7.93,03/27/2019-00:53:52
Oussouye,0,SN,1553644800,77,12.49,-16.54,21.0,3.1,03/27/2019-00:00:00
Namibe,20,AO,1553648034,100,-15.19,12.15,24.77,3.73,03/27/2019-00:53:54
Saint-Denis,0,FR,1553648016,75,48.94,2.36,7.22,2.1,03/27/2019-00:53:36
Salinopolis,68,BR,1553648037,100,-0.61,-47.36,26.2,3.58,03/27/2019-00:53:57
Manjacaze,20,MZ,1553648038,67,-24.71,33.88,24.47,5.73,03/27/2019-00:53:58
Istria,36,RO,1553646600,100,44.57,28.71,5.0,3.1,03/27/2019-00:30:00
Santo Antonio do Ica,8,BR,1553648041,76,-3.1,-67.94,29.57,1.23,03/27/2019-00:54:01
Meulaboh,88,ID,1553648033,100,4.14,96.13,26.45,1.23,03/27/2019-00:53:53
Santana do Ipanema,8,BR,1553648043,86,-9.37,-37.25,24.55,4.08,03/27/2019-00:54:03
Port Lincoln,0,AU,1553648045,93,-34.72,135.86,17.8,1.88,03/27/2019-00:54:05
Logan Lake,75,CA,1553644800,43,50.49,-120.81,12.0,1.0,03/27/2019-00:00:00
Touros,40,BR,1553644800,94,-5.2,-35.46,25.0,2.1,03/27/2019-00:00:00
Kalmunai,0,LK,1553648049,97,7.42,81.82,19.42,1.23,03/27/2019-00:54:09
San Quintin,0,PH,1553648050,60,17.54,120.52,23.05,1.73,03/27/2019-00:54:10
Vanavara,48,RU,1553648052,85,60.35,102.28,-8.08,2.28,03/27/2019-00:54:12
Lata,0,IN,1553648055,72,30.78,78.62,4.7,1.28,03/27/2019-00:54:15
Byron Bay,90,AU,1553647828,94,-28.65,153.62,22.78,4.6,03/27/2019-00:50:28
Kendari,56,ID,1553647938,93,-3.99,122.52,26.15,1.63,03/27/2019-00:52:18
Bhilwara,0,IN,1553648059,56,25.35,74.64,13.7,0.88,03/27/2019-00:54:19
Lander,1,US,1553647566,28,42.83,-108.73,17.0,12.3,03/27/2019-00:46:06
Acajutla,0,SV,1553647846,57,13.59,-89.83,25.56,1.34,03/27/2019-00:50:46
Ilinskiy,0,RU,1553647551,86,55.62,38.12,0.0,2.0,03/27/2019-00:45:51
Wiang Sa,20,TH,1553647784,100,8.64,99.37,26.67,1.03,03/27/2019-00:49:44
Amarante do Maranhao,48,BR,1553648065,94,-5.57,-46.74,22.77,1.03,03/27/2019-00:54:25
Safranbolu,20,TR,1553648066,95,41.25,32.69,-1.56,0.93,03/27/2019-00:54:26
Krasnokholmskiy,92,RU,1553648068,91,55.99,55.05,-0.78,7.48,03/27/2019-00:54:28
Hammerfest,0,NO,1553644200,63,70.66,23.68,-3.0,9.8,03/26/2019-23:50:00
Marabba,0,SD,1553648070,24,12.35,32.18,22.52,4.58,03/27/2019-00:54:30
Port Pirie,0,AU,1553644800,52,-33.18,138.01,21.0,2.6,03/27/2019-00:00:00
Shitkino,48,RU,1553648073,69,56.37,98.35,-11.58,1.03,03/27/2019-00:54:33
Denpasar,20,ID,1553644800,88,-8.65,115.22,27.0,1.5,03/27/2019-00:00:00
Shahr-e Babak,0,IR,1553648075,77,30.12,55.12,8.2,6.28,03/27/2019-00:54:35
Point Pleasant,1,US,1553648040,26,40.08,-74.07,8.0,5.88,03/27/2019-00:54:00
Saint-Ambroise,0,FR,1553647925,70,47.25,-0.65,6.67,2.1,03/27/2019-00:52:05
College,75,US,1553648046,65,64.86,-147.8,8.89,2.68,03/27/2019-00:54:06
Babai,40,UA,1553646600,91,49.9,36.2,2.0,2.0,03/27/2019-00:30:00
